{
  "properties": {
    "connectionReferences": {
      "shared_azureautomation_1": {
        "runtimeSource": "embedded",
        "connection": {
          "connectionReferenceLogicalName": "resource_AzureAutomation"
        },
        "api": {
          "name": "shared_azureautomation"
        }
      },
      "shared_teams": {
        "runtimeSource": "embedded",
        "connection": {
          "connectionReferenceLogicalName": "notify_MicrosoftTeams"
        },
        "api": {
          "name": "shared_teams"
        }
      },
      "shared_sharepointonline": {
        "runtimeSource": "embedded",
        "connection": {
          "connectionReferenceLogicalName": "notify_sharedsharepointonline_06919"
        },
        "api": {
          "name": "shared_sharepointonline"
        }
      }
    },
    "definition": {
      "$schema": "https://schema.management.azure.com/providers/Microsoft.Logic/schemas/2016-06-01/workflowdefinition.json#",
      "contentVersion": "1.0.0.0",
      "parameters": {
        "$connections": {
          "defaultValue": {},
          "type": "Object"
        },
        "$authentication": {
          "defaultValue": {},
          "type": "SecureObject"
        },
        "Resource Account Domain (resource_ResourceAccountDomain)": {
          "defaultValue": "voice.teamcontoso.com",
          "type": "String",
          "metadata": {
            "schemaName": "resource_ResourceAccountDomain"
          }
        },
        "AzSubscriptionID (resource_AzSubscriptionID)": {
          "defaultValue": "4f0ef778-c000-4aec-a404-2da170e43785",
          "type": "String",
          "metadata": {
            "schemaName": "resource_AzSubscriptionID"
          }
        },
        "AzResourceGroupName (resource_AzResourceGroupName)": {
          "defaultValue": "zArchive",
          "type": "String",
          "metadata": {
            "schemaName": "resource_AzResourceGroupName"
          }
        },
        "AzAutomationAccount (resource_AzAutomationAccount)": {
          "defaultValue": "ResourceAccountCreation",
          "type": "String",
          "metadata": {
            "schemaName": "resource_AzAutomationAccount"
          }
        },
        "AzRunbookName (resource_AzRunbookName)": {
          "defaultValue": "ResourceAccountCreation-5_1",
          "type": "String",
          "metadata": {
            "schemaName": "resource_AzRunbookName"
          }
        }
      },
      "triggers": {
        "When_an_item_is_created": {
          "recurrence": {
            "interval": 1,
            "frequency": "Minute"
          },
          "splitOn": "@triggerOutputs()?['body/value']",
          "metadata": {
            "operationMetadataId": "e76f15b6-658c-4d7d-a994-bc7eadb837c0"
          },
          "type": "OpenApiConnection",
          "inputs": {
            "host": {
              "connectionName": "shared_sharepointonline",
              "operationId": "GetOnNewItems",
              "apiId": "/providers/Microsoft.PowerApps/apis/shared_sharepointonline"
            },
            "parameters": {
              "dataset": "https://teamcontoso.sharepoint.com/teams/EmergencyCallingDemo",
              "table": "114ab756-493c-4b70-acb1-ff870aebbf71"
            },
            "authentication": "@parameters('$authentication')"
          }
        }
      },
      "actions": {
        "Initialize_variable": {
          "runAfter": {},
          "metadata": {
            "operationMetadataId": "02ae5aed-9227-492e-bc0b-55efa82968c5"
          },
          "type": "InitializeVariable",
          "inputs": {
            "variables": [
              {
                "name": "ResourceAccountName",
                "type": "string",
                "value": "@triggerOutputs()?['body/Title']"
              }
            ]
          }
        },
        "Initialize_variable_2": {
          "runAfter": {
            "Initialize_variable": [
              "Succeeded"
            ]
          },
          "metadata": {
            "operationMetadataId": "5d151332-a3b3-46ea-a22c-2d28ddbccd64"
          },
          "type": "InitializeVariable",
          "inputs": {
            "variables": [
              {
                "name": "ResourceAccountDisplayName",
                "type": "string",
                "value": "@triggerOutputs()?['body/DisplayName']"
              }
            ]
          }
        },
        "Initialize_variable_3": {
          "runAfter": {
            "Initialize_variable_2": [
              "Succeeded"
            ]
          },
          "metadata": {
            "operationMetadataId": "85414374-5c99-495a-b0f4-2021c80e8b4f"
          },
          "type": "InitializeVariable",
          "inputs": {
            "variables": [
              {
                "name": "ResourceAccountType",
                "type": "string",
                "value": "@triggerOutputs()?['body/ResourceAccountType/Value']"
              }
            ]
          }
        },
        "Initialize_variable_4": {
          "runAfter": {
            "Initialize_variable_3": [
              "Succeeded"
            ]
          },
          "metadata": {
            "operationMetadataId": "411ede8d-b5cb-497d-a0e8-d92fa29ce34b"
          },
          "type": "InitializeVariable",
          "inputs": {
            "variables": [
              {
                "name": "ResourceAccountDomain",
                "type": "string",
                "value": "@parameters('Resource Account Domain (resource_ResourceAccountDomain)')"
              }
            ]
          }
        },
        "Create_job": {
          "runAfter": {
            "Initialize_variable_5": [
              "Succeeded"
            ]
          },
          "metadata": {
            "operationMetadataId": "39072100-8e43-4f7a-98b5-cc1bec4df475"
          },
          "type": "OpenApiConnection",
          "inputs": {
            "host": {
              "connectionName": "shared_azureautomation_1",
              "operationId": "CreateJob",
              "apiId": "/providers/Microsoft.PowerApps/apis/shared_azureautomation"
            },
            "parameters": {
              "subscriptionId": "@parameters('AzSubscriptionID (resource_AzSubscriptionID)')",
              "resourceGroupName": "@parameters('AzResourceGroupName (resource_AzResourceGroupName)')",
              "automationAccount": "@parameters('AzAutomationAccount (resource_AzAutomationAccount)')",
              "runbookName": "@parameters('AzRunbookName (resource_AzRunbookName)')",
              "wait": true,
              "body/properties/parameters/ResourceAccountName": "@variables('ResourceAccountName')",
              "body/properties/parameters/ResourceAccountDisplayName": "@variables('ResourceAccountDisplayName')",
              "body/properties/parameters/ResourceAccountType": "@variables('ResourceAccountType')",
              "body/properties/parameters/ResourceAccountDomain": "@variables('ResourceAccountDomain')"
            },
            "authentication": "@parameters('$authentication')"
          }
        },
        "Post_message_in_a_chat_or_channel": {
          "runAfter": {
            "Create_job": [
              "Succeeded"
            ]
          },
          "metadata": {
            "operationMetadataId": "027ed624-12a0-4fd0-b9a0-b734058565eb"
          },
          "type": "OpenApiConnection",
          "inputs": {
            "host": {
              "connectionName": "shared_teams",
              "operationId": "PostMessageToConversation",
              "apiId": "/providers/Microsoft.PowerApps/apis/shared_teams"
            },
            "parameters": {
              "poster": "Flow bot",
              "location": "Chat with Flow bot",
              "body/recipient": "@{triggerOutputs()?['body/Author/Email']};",
              "body/messageBody": "<p>Your resource account has been created.<br>\n<br>\nDisplay Name: @{variables('ResourceAccountDisplayName')}<br>\nUPN: @{variables('ResourceAccountUPN')}<br>\nType: @{variables('ResourceAccountType')}<br>\n<br>\nPlease make sure to licence this account appropriately.&nbsp;</p>"
            },
            "authentication": "@parameters('$authentication')"
          }
        },
        "Initialize_variable_5": {
          "runAfter": {
            "Initialize_variable_4": [
              "Succeeded"
            ]
          },
          "metadata": {
            "operationMetadataId": "bb537586-3245-4131-bc97-14ced587cba9"
          },
          "type": "InitializeVariable",
          "inputs": {
            "variables": [
              {
                "name": "ResourceAccountUPN",
                "type": "string",
                "value": "@{concat(variables('ResourceAccountName'),'@',variables('ResourceAccountDomain'))}"
              }
            ]
          }
        }
      }
    },
    "templateName": ""
  },
  "schemaVersion": "1.0.0.0"
}